login;password
login1;password1
login2;password2
login3;password3
login4;password4
login5;password5
login6;password6
login7;password7
login8;password8
login9;password9
login10;password10
login11;password11
login12;password12
login13;password13
login14;password14
login15;password15
login16;password16
login17;password17
login18;password18
login19;password19
login20;password10
login21;password21
login22;password22
login23;password23
login24;password24
login25;password25
login26;password26
login27;password27
login28;password28
login29;password29
login30;password30
login31;password31
login32;password32
login33;password33
login34;password34
login35;password35
login36;password36
login37;password37
login38;password38
login39;password39
login40;password40
login41;password41
login42;password42
login43;password43
login44;password44
login45;password45
login46;password46
login47;password47
login48;password48
login49;password49
login50;password50
login51;password51
login52;password52
login53;password53
login54;password54
login55;password55
login56;password56
login57;password57
login58;password58
login59;password59
login60;password60
login61;password61
login62;password62
login63;password63
login64;password64
login65;password65
login66;password66
login67;password67
login68;password68
login69;password69
login70;password70
login71;password71
login72;password72
login73;password73
login74;password74
login75;password75
login76;password76
login77;password77
login78;password78
login79;password79
login80;password80
login81;password81
login82;password82
login83;password83
login84;password84
login85;password85
login86;password86
login87;password87
login88;password88
login89;password89
login90;password90
login91;password91
login92;password92
login93;password93
login94;password94
login95;password95
login96;password96
login97;password97
login98;password98
login99;password99